{
  "products": [
    {
      "productCategory": "iphone",
      "name": "iphone x",
      "color": "white",
      "memory": "128 GB",
      "description": "Дисплей выполнен с применением матрицы типа Amoled. Диагональ дисплея составляет 5,8 дюйма, разрешение — 2436×1125 пикселей, плотность изображения — 458 точек на дюйм. Используются технологии Dolby Vision, HDR 10 и ранее опробованная на iPad Pro система оптимизации цвета True Tone.",
      "image": "https://www.refurbished.store/cache/images/iphone-x-zilver-0_600x600_BGresize_16777215-tj.png",
      "price": 400,
      "id": 1,
      "feedbacks": [
        {
          "title": "nipoip",
          "user": "mkmjo"
        }
      ]
    },
    {
      "productCategory": "MacBook",
      "name": "MacBook Pro 16",
      "color": "white",
      "memory": "256 GB",
      "description": "Супербыстрые M1 Pro и M1 Max — первые чипы Apple, разработанные специально для профессионалов. Они дают феноменальную производительность и обеспечивают удивительно долгое время работы без подзарядки. Прибавьте к этому потрясающий дисплей Liquid Retina XDR, превосходную камеру и звук, а также больше портов для профессиональной работы. С этим ноутбуком всё становится возможным.",
      "image": "https://www.istore.kg/media/products/Pro-16-M1-SP-US-1_RGWcLBN.webp",
      "price": 4000,
      "id": 31
    },
    {
      "productCategory": "iphone",
      "name": "iphone x",
      "color": "white",
      "memory": "256 GB",
      "description": "Дисплей выполнен с применением матрицы типа Amoled. Диагональ дисплея составляет 5,8 дюйма, разрешение — 2436×1125 пикселей, плотность изображения — 458 точек на дюйм. Используются технологии Dolby Vision, HDR 10 и ранее опробованная на iPad Pro система оптимизации цвета True Tone.",
      "image": "https://www.refurbished.store/cache/images/iphone-x-zilver-0_600x600_BGresize_16777215-tj.png",
      "price": 500,
      "id": 2
    },
    {
      "productCategory": "iphone",
      "name": "iphone x",
      "color": "black",
      "memory": "128 GB",
      "description": "Дисплей выполнен с применением матрицы типа Amoled. Диагональ дисплея составляет 5,8 дюйма, разрешение — 2436×1125 пикселей, плотность изображения — 458 точек на дюйм. Используются технологии Dolby Vision, HDR 10 и ранее опробованная на iPad Pro система оптимизации цвета True Tone.",
      "image": "https://telefon.kg/image/cache/catalog/Products/Phones/Apple/Iphone%20X/black/1-500x500.jpg",
      "price": 400,
      "id": 3
    },
    {
      "productCategory": "iphone",
      "name": "iphone x",
      "color": "black",
      "memory": "256 GB",
      "description": "Дисплей выполнен с применением матрицы типа Amoled. Диагональ дисплея составляет 5,8 дюйма, разрешение — 2436×1125 пикселей, плотность изображения — 458 точек на дюйм. Используются технологии Dolby Vision, HDR 10 и ранее опробованная на iPad Pro система оптимизации цвета True Tone.",
      "image": "https://telefon.kg/image/cache/catalog/Products/Phones/Apple/Iphone%20X/black/1-500x500.jpg",
      "price": 500,
      "id": 4
    },
    {
      "productCategory": "iphone",
      "name": "iphone x",
      "color": "gold",
      "memory": "128 GB",
      "description": "Дисплей выполнен с применением матрицы типа Amoled. Диагональ дисплея составляет 5,8 дюйма, разрешение — 2436×1125 пикселей, плотность изображения — 458 точек на дюйм. Используются технологии Dolby Vision, HDR 10 и ранее опробованная на iPad Pro система оптимизации цвета True Tone.",
      "image": "https://univexim.com/2515-large_default/apple-iphone-xs-max-64gb-gold.jpg",
      "price": 400,
      "id": 5
    },
    {
      "productCategory": "iphone",
      "name": "iphone x",
      "color": "gold",
      "memory": "256 GB",
      "description": "Дисплей выполнен с применением матрицы типа Amoled. Диагональ дисплея составляет 5,8 дюйма, разрешение — 2436×1125 пикселей, плотность изображения — 458 точек на дюйм. Используются технологии Dolby Vision, HDR 10 и ранее опробованная на iPad Pro система оптимизации цвета True Tone.",
      "image": "https://univexim.com/2515-large_default/apple-iphone-xs-max-64gb-gold.jpg",
      "price": 500,
      "id": 6
    },
    {
      "productCategory": "iphone",
      "name": "iphone 11",
      "color": "white",
      "memory": "128 GB",
      "description": "iPhone 11 — смартфон корпорации Apple, использующий процессор Apple A13 Bionic который содержит 8,5 млрд транзисторов и операционную систему iOS 13 (на старте продаж), представленный 10 сентября 2019 года вместе с iPhone 11 Pro и iPhone 11 Pro Max. Является преемником iPhone XR.",
      "image": "https://object.pscloud.io/cms/cms/Photo/img_0_77_2732_4_1.jpg",
      "price": 500,
      "id": 8
    },
    {
      "productCategory": "iphone",
      "name": "iphone 11",
      "color": "white",
      "memory": "256 GB",
      "description": "iPhone 11 — смартфон корпорации Apple, использующий процессор Apple A13 Bionic который содержит 8,5 млрд транзисторов и операционную систему iOS 13 (на старте продаж), представленный 10 сентября 2019 года вместе с iPhone 11 Pro и iPhone 11 Pro Max. Является преемником iPhone XR.",
      "image": "https://object.pscloud.io/cms/cms/Photo/img_0_77_2732_4_1.jpg",
      "price": 600,
      "id": 9
    },
    {
      "productCategory": "iphone",
      "name": "iphone 11",
      "color": "black",
      "memory": "128 GB",
      "description": "iPhone 11 — смартфон корпорации Apple, использующий процессор Apple A13 Bionic который содержит 8,5 млрд транзисторов и операционную систему iOS 13 (на старте продаж), представленный 10 сентября 2019 года вместе с iPhone 11 Pro и iPhone 11 Pro Max. Является преемником iPhone XR.",
      "image": "https://www.istore.kg/media/products/11-black_qdkqJZQ.webp",
      "price": 500,
      "id": 10
    },
    {
      "productCategory": "iphone",
      "name": "iphone 11",
      "color": "black",
      "memory": "256 GB",
      "description": "iPhone 11 — смартфон корпорации Apple, использующий процессор Apple A13 Bionic который содержит 8,5 млрд транзисторов и операционную систему iOS 13 (на старте продаж), представленный 10 сентября 2019 года вместе с iPhone 11 Pro и iPhone 11 Pro Max. Является преемником iPhone XR.",
      "image": "https://www.istore.kg/media/products/11-black_qdkqJZQ.webp",
      "price": 600,
      "id": 11
    },
    {
      "productCategory": "iphone",
      "name": "iphone 11",
      "color": "yellow",
      "memory": "128 GB",
      "description": "iPhone 11 — смартфон корпорации Apple, использующий процессор Apple A13 Bionic который содержит 8,5 млрд транзисторов и операционную систему iOS 13 (на старте продаж), представленный 10 сентября 2019 года вместе с iPhone 11 Pro и iPhone 11 Pro Max. Является преемником iPhone XR.",
      "image": "https://www.istore.kg/media/products/11-yellow_x4VNp9y.webp",
      "price": 500,
      "id": 12
    },
    {
      "productCategory": "iphone",
      "name": "iphone 11",
      "color": "yellow",
      "memory": "256 GB",
      "description": "iPhone 11 — смартфон корпорации Apple, использующий процессор Apple A13 Bionic который содержит 8,5 млрд транзисторов и операционную систему iOS 13 (на старте продаж), представленный 10 сентября 2019 года вместе с iPhone 11 Pro и iPhone 11 Pro Max. Является преемником iPhone XR.",
      "image": "https://www.istore.kg/media/products/11-yellow_x4VNp9y.webp",
      "price": 600,
      "id": 13
    },
    {
      "productCategory": "iphone",
      "name": "iphone 12",
      "color": "white",
      "memory": "128 GB",
      "description": "iPhone 12 оснащён OLED дисплеем диагональю 6,1 дюйма, произведённым по технологии Super Retina XDR, c разрешением экрана 2532×1170 пикселей и плотностью 460 PPI (пикселей на дюйм). Пиковая яркость 1200 нит. Экран покрыт керамическим покрытием Ceramic Shield, произведённым совместно с компанией Corning.",
      "image": "https://asiastore.kg/image/cache/catalog/iphone/iphone12/201106080012768545-670x540.jpg",
      "price": 600,
      "id": 14,
      "feedbacks": [
        {
          "title": "good phone",
          "user": "islam"
        }
      ]
    },
    {
      "productCategory": "iphone",
      "name": "iphone 12",
      "color": "white",
      "memory": "256 GB",
      "description": "iPhone 12 оснащён OLED дисплеем диагональю 6,1 дюйма, произведённым по технологии Super Retina XDR, c разрешением экрана 2532×1170 пикселей и плотностью 460 PPI (пикселей на дюйм). Пиковая яркость 1200 нит. Экран покрыт керамическим покрытием Ceramic Shield, произведённым совместно с компанией Corning.",
      "image": "https://asiastore.kg/image/cache/catalog/iphone/iphone12/201106080012768545-670x540.jpg",
      "price": 700,
      "id": 15
    },
    {
      "productCategory": "iphone",
      "name": "iphone 12",
      "color": "black",
      "memory": "128 GB",
      "description": "iPhone 12 оснащён OLED дисплеем диагональю 6,1 дюйма, произведённым по технологии Super Retina XDR, c разрешением экрана 2532×1170 пикселей и плотностью 460 PPI (пикселей на дюйм). Пиковая яркость 1200 нит. Экран покрыт керамическим покрытием Ceramic Shield, произведённым совместно с компанией Corning.",
      "image": "https://cdn.svyaznoy.ru/upload/iblock/8af/ruru_iphone12_q121_black_pdp-image-1b.jpg/resize/483x483/hq/",
      "price": 600,
      "id": 16
    },
    {
      "productCategory": "iphone",
      "name": "iphone 12",
      "color": "black",
      "memory": "256 GB",
      "description": "iPhone 12 оснащён OLED дисплеем диагональю 6,1 дюйма, произведённым по технологии Super Retina XDR, c разрешением экрана 2532×1170 пикселей и плотностью 460 PPI (пикселей на дюйм). Пиковая яркость 1200 нит. Экран покрыт керамическим покрытием Ceramic Shield, произведённым совместно с компанией Corning.",
      "image": "https://cdn.svyaznoy.ru/upload/iblock/8af/ruru_iphone12_q121_black_pdp-image-1b.jpg/resize/483x483/hq/",
      "price": 700,
      "id": 17
    },
    {
      "productCategory": "iphone",
      "name": "iphone 12",
      "color": "blue",
      "memory": "128 GB",
      "description": "iPhone 12 оснащён OLED дисплеем диагональю 6,1 дюйма, произведённым по технологии Super Retina XDR, c разрешением экрана 2532×1170 пикселей и плотностью 460 PPI (пикселей на дюйм). Пиковая яркость 1200 нит. Экран покрыт керамическим покрытием Ceramic Shield, произведённым совместно с компанией Corning.",
      "image": "https://svetofor.info/images/detailed/208/smartfon-apple-iphone-12-64-gb-ram-4-gb-blue.jpg",
      "price": 600,
      "id": 18
    },
    {
      "productCategory": "iphone",
      "name": "iphone 12",
      "color": "blue",
      "memory": "256 GB",
      "description": "iPhone 12 оснащён OLED дисплеем диагональю 6,1 дюйма, произведённым по технологии Super Retina XDR, c разрешением экрана 2532×1170 пикселей и плотностью 460 PPI (пикселей на дюйм). Пиковая яркость 1200 нит. Экран покрыт керамическим покрытием Ceramic Shield, произведённым совместно с компанией Corning.",
      "image": "https://svetofor.info/images/detailed/208/smartfon-apple-iphone-12-64-gb-ram-4-gb-blue.jpg",
      "price": 700,
      "id": 19
    },
    {
      "productCategory": "iphone",
      "name": "iphone 13",
      "color": "white",
      "memory": "128 GB",
      "description": "Характеристики экрана iPhone 13 на высоте для 2021 года. Это OLED-панель диагональю 6,1″, с разрешением 2532×1170 пикселей и плотностью точек 460 ppi. Спереди у iPhone 13 стоит прочное стекло Ceramic Shield. У экрана отличные углы обзора и отсутствуют какие-либо искажения при наклоне до 180 градусов.",
      "image": "https://login.kg/image/cache/catalog/new/Phones/Apple/IPhone%2013/mini/1-500x500.jpg",
      "price": 700,
      "id": 20
    },
    {
      "productCategory": "iphone",
      "name": "iphone 13",
      "color": "white",
      "memory": "256 GB",
      "description": "Характеристики экрана iPhone 13 на высоте для 2021 года. Это OLED-панель диагональю 6,1″, с разрешением 2532×1170 пикселей и плотностью точек 460 ppi. Спереди у iPhone 13 стоит прочное стекло Ceramic Shield. У экрана отличные углы обзора и отсутствуют какие-либо искажения при наклоне до 180 градусов.",
      "image": "https://login.kg/image/cache/catalog/new/Phones/Apple/IPhone%2013/mini/1-500x500.jpg",
      "price": 800,
      "id": 21
    },
    {
      "productCategory": "iphone",
      "name": "iphone 13",
      "color": "blue",
      "memory": "128 GB",
      "description": "Характеристики экрана iPhone 13 на высоте для 2021 года. Это OLED-панель диагональю 6,1″, с разрешением 2532×1170 пикселей и плотностью точек 460 ppi. Спереди у iPhone 13 стоит прочное стекло Ceramic Shield. У экрана отличные углы обзора и отсутствуют какие-либо искажения при наклоне до 180 градусов.",
      "image": "https://object.pscloud.io/cms/cms/Photo/img_0_77_3142_7_6.png",
      "price": 700,
      "id": 2145
    },
    {
      "productCategory": "iphone",
      "name": "iphone 13",
      "color": "blue",
      "memory": "256 GB",
      "description": "Характеристики экрана iPhone 13 на высоте для 2021 года. Это OLED-панель диагональю 6,1″, с разрешением 2532×1170 пикселей и плотностью точек 460 ppi. Спереди у iPhone 13 стоит прочное стекло Ceramic Shield. У экрана отличные углы обзора и отсутствуют какие-либо искажения при наклоне до 180 градусов.",
      "image": "https://object.pscloud.io/cms/cms/Photo/img_0_77_3142_7_6.png",
      "price": 800,
      "id": 22
    },
    {
      "productCategory": "iphone",
      "name": "iphone 13",
      "color": "red",
      "memory": "128 GB",
      "description": "Характеристики экрана iPhone 13 на высоте для 2021 года. Это OLED-панель диагональю 6,1″, с разрешением 2532×1170 пикселей и плотностью точек 460 ppi. Спереди у iPhone 13 стоит прочное стекло Ceramic Shield. У экрана отличные углы обзора и отсутствуют какие-либо искажения при наклоне до 180 градусов.",
      "image": "https://jabko.ua/image/catalog/products/2021/09/142307/2021-09-14%2021.47.44.jpg",
      "price": 700,
      "id": 23
    },
    {
      "productCategory": "MacBook",
      "name": "MacBook Air 13",
      "color": "white",
      "memory": "512 GB",
      "description": "С появлением чипа Apple M1 наш самый тонкий и лёгкий ноутбук полностью преобразился. Центральный процессор теперь работает до 3,5 раза быстрее. Графический — до 5 раз. А благодаря нашей передовой системе Neural Engine скорость машинного обучения возросла до 9 раз. Новый MacBook Air работает без подзарядки дольше, чем предыдущие модели. И совсем не шумит, потому что у него нет вентилятора. Мощность ещё никогда не была такой компактной.",
      "image": "https://www.istore.kg/media/products/Pro-16-M1-SP-US-1_RGWcLBN.webp",
      "price": 4000,
      "id": 32
    },
    {
      "productCategory": "iphone",
      "name": "iphone 13",
      "color": "red",
      "memory": "256 GB",
      "description": "Характеристики экрана iPhone 13 на высоте для 2021 года. Это OLED-панель диагональю 6,1″, с разрешением 2532×1170 пикселей и плотностью точек 460 ppi. Спереди у iPhone 13 стоит прочное стекло Ceramic Shield. У экрана отличные углы обзора и отсутствуют какие-либо искажения при наклоне до 180 градусов.",
      "image": "https://jabko.ua/image/catalog/products/2021/09/142307/2021-09-14%2021.47.44.jpg",
      "price": 800,
      "id": 24
    },
    {
      "productCategory": "iPad",
      "name": "iPad Pro 12.9",
      "color": "white",
      "memory": "256 GB",
      "description": "12,9-дюймовый дисплей Liquid Retina XDR с функциями ProMotion, True Tone. 5G для сверхскоростной загрузки и высококачественного потокового вещания",
      "image": "https://www.istore.kg/media/products/iPad-Pro-12-9-WiFi-Silver_TwRGhKz.webp",
      "price": 1130,
      "id": 41
    },
    {
      "productCategory": "iPad",
      "name": "iPad Pro 12.9",
      "color": "black",
      "memory": "256 GB",
      "description": "12,9-дюймовый дисплей Liquid Retina XDR с функциями ProMotion, True Tone. 5G для сверхскоростной загрузки и высококачественного потокового вещания",
      "image": "https://www.istore.kg/media/products/iPad-Pro-12-9-WiFi-Space-Gray_jd4EtKA.webp",
      "price": 1130,
      "id": 42
    },
    {
      "productCategory": "iPad",
      "name": "iPad Pro 12.9",
      "color": "black",
      "memory": "256 GB",
      "description": "12,9-дюймовый дисплей Liquid Retina XDR с функциями ProMotion, True Tone. 5G для сверхскоростной загрузки и высококачественного потокового вещания",
      "image": "https://www.istore.kg/media/products/iPad-Pro-12-9-WiFi-Space-Gray_jd4EtKA.webp",
      "price": 1130,
      "id": 43
    },
    {
      "productCategory": "iPad",
      "name": "iPad 10.2",
      "color": "white",
      "memory": "128 GB",
      "description": "12,9-дюймовый дисплей Liquid Retina XDR с функциями ProMotion, True Tone. 5G для сверхскоростной загрузки и высококачественного потокового вещания",
      "image": "https://www.istore.kg/media/products/iPad-9-WiFi-Silver.webp",
      "price": 1130,
      "id": 44
    },
    {
      "productCategory": "iPad",
      "name": "iPad 10.2",
      "color": "black",
      "memory": "256 GB",
      "description": "12,9-дюймовый дисплей Liquid Retina XDR с функциями ProMotion, True Tone. 5G для сверхскоростной загрузки и высококачественного потокового вещания",
      "image": "https://www.istore.kg/media/products/iPad-9-WiFi-Space-Gray.webp",
      "price": 1130,
      "id": 45
    },
    {
      "productCategory": "iMac",
      "name": "iMac 24",
      "color": "white",
      "memory": "512 GB",
      "description": "Чип Apple M1 обеспечивает мощную производительность CPU, GPU и машинного обучения. FaceTime 1080p, звуковая система с шестью динамиками и микрофоны студийного качества. Совпадающие по цвету мышь Magic Mouse и клавиатура Magic Keyboard",
      "image": "https://www.istore.kg/media/products/8-core-blue-1_O9Lleb3.webp",
      "price": 2260,
      "id": 46
    },
    {
      "productCategory": "iMac",
      "name": "iMac 24",
      "color": "yellow",
      "memory": "512 GB",
      "description": "Чип Apple M1 обеспечивает мощную производительность CPU, GPU и машинного обучения. FaceTime 1080p, звуковая система с шестью динамиками и микрофоны студийного качества. Совпадающие по цвету мышь Magic Mouse и клавиатура Magic Keyboard",
      "image": "https://www.istore.kg/media/products/8-core-yellow-1_fw7f109.webp",
      "price": 2260,
      "id": 47
    },
    {
      "productCategory": "iMac",
      "name": "iMac 27 MXWT2",
      "color": "white",
      "memory": "512 GB",
      "description": "Чип Apple M1 обеспечивает мощную производительность CPU, GPU и машинного обучения. FaceTime 1080p, звуковая система с шестью динамиками и микрофоны студийного качества. Совпадающие по цвету мышь Magic Mouse и клавиатура Magic Keyboard",
      "image": "https://www.istore.kg/media/products/27-2020_ZWI6SZN.webp",
      "price": 1790,
      "id": 48
    },
    {
      "productCategory": "AppleWatch",
      "name": "Watch Series 7 with Stainless Steel Case",
      "color": "white",
      "memory": "",
      "description": "На сегодняшний день, это самый большой дисплей Always-On Retina. Дисплей устойчив к царапинам, а также пыле-влагозащищенный. Датчик измерения уровня кислорода в крови",
      "image": "https://www.istore.kg/media/products/stainless-silver-41.webp",
      "price": 950,
      "id": 49
    },
    {
      "productCategory": "AppleWatch",
      "name": "Watch Series 7 with Stainless Steel Case",
      "color": "black",
      "memory": "",
      "description": "На сегодняшний день, это самый большой дисплей Always-On Retina. Дисплей устойчив к царапинам, а также пыле-влагозащищенный. Датчик измерения уровня кислорода в крови",
      "image": "https://www.istore.kg/media/products/stainless-graphite-41.webp",
      "price": 950,
      "id": 50
    },
    {
      "productCategory": "AppleWatch",
      "name": "Watch Series 7 Nike with Aluminum Case",
      "color": "black",
      "memory": "",
      "description": "Ремешки Nike и эксклюзивные циферблаты, а также приложения Nike Run Club. На сегодняшний день, это самый большой дисплей Always-On Retina. Дисплей устойчив к царапинам, а также пыле-влагозащищенный. Датчик измерения уровня кислорода в крови",
      "image": "https://www.istore.kg/media/products/7-41-Nike-Midnight-GPS.webp",
      "price": 500,
      "id": 51
    },
    {
      "productCategory": "AppleWatch",
      "name": "Watch Series 7 Nike with Aluminum Case",
      "color": "white",
      "memory": "",
      "description": "Ремешки Nike и эксклюзивные циферблаты, а также приложения Nike Run Club. На сегодняшний день, это самый большой дисплей Always-On Retina. Дисплей устойчив к царапинам, а также пыле-влагозащищенный. Датчик измерения уровня кислорода в крови",
      "image": "https://www.istore.kg/media/products/7-41-Nike-Starlight-GPS.webp",
      "price": 500,
      "id": 52
    },
    {
      "productCategory": "AppleWatch",
      "name": "Watch Series 7 Nike with Aluminum Case",
      "color": "white",
      "memory": "",
      "description": "На сегодняшний день, это самый большой дисплей Always-On Retina. Дисплей устойчив к царапинам, а также пыле-влагозащищенный. Датчик измерения уровня кислорода в крови",
      "image": "https://www.istore.kg/media/products/7-41-Starlight-GPS.webp",
      "price": 440,
      "id": 53
    },
    {
      "productCategory": "AppleWatch",
      "name": "Watch Series 7 Nike with Aluminum Case",
      "color": "black",
      "memory": "",
      "description": "На сегодняшний день, это самый большой дисплей Always-On Retina. Дисплей устойчив к царапинам, а также пыле-влагозащищенный. Датчик измерения уровня кислорода в крови",
      "image": "https://www.istore.kg/media/products/7-41-Midnight-GPS.webp",
      "price": 440,
      "id": 54
    }
  ],
  "users": [
    {
      "lastname": "Toktogulov",
      "name": "Ruslan",
      "city": "Bishkek",
      "street": "Mira",
      "apartment": "55",
      "id": 1
    },
    {
      "lastname": "Ruslan ",
      "name": "Toktogulov",
      "city": "Bishkek",
      "street": "Ahunbaeva",
      "apartment": "186",
      "id": 2
    }
  ]
}